"ZCTA","Total_Doses","People_1_dose","People_all_doses"
"73949",9,7,0
"75001",2612,1731,881
"75002",14433,10021,4412
"75006",7475,5120,2355
"75007",10484,7319,3165
"75009",3410,2208,1202
"75010",6948,4699,2249
"75013",11986,8107,3879
"75019",10984,7185,3799
"75020",4274,2744,1530
"75021",1321,850,471
"75022",5532,3941,1591
"75023",10788,7375,3413
"75024",9132,6043,3089
"75025",12428,8366,4062
"75028",10018,7088,2930
"75032",7892,5274,2618
"75034",19715,12742,6973
"75035",16274,10430,5844
"75038",3478,2306,1172
"75039",4029,2582,1447
"75040",9011,6052,2959
"75041",3422,2236,1186
"75042",4585,3081,1504
"75043",10568,6940,3628
"75044",9489,6503,2986
"75048",5096,3390,1706
"75050",4703,3078,1625
"75051",3350,2292,1058
"75052",13590,8877,4713
"75054",3271,2038,1233
"75056",10499,7434,3065
"75057",1360,938,422
"75058",578,364,214
"75060",5717,3854,1863
"75061",5981,4080,1897
"75062",6086,4049,2037
"75063",8371,5462,2909
"75065",2088,1440,648
"75067",7535,5292,2243
"75068",7705,5428,2277
"75069",8589,5769,2820
"75070",10466,7041,3425
"75071",12240,8097,4143
"75074",7657,5174,2483
"75075",9156,6326,2830
"75076",1832,1215,617
"75077",8573,6142,2431
"75078",5974,4021,1953
"75080",10085,6704,3381
"75081",7278,5007,2271
"75082",7203,4829,2374
"75087",8700,5897,2803
"75088",5840,3918,1922
"75089",6191,4081,2110
"75090",2875,1810,1065
"75092",4543,2852,1691
"75093",15941,10476,5465
"75094",5454,3666,1788
"75098",10056,7089,2967
"75101",43,35,8
"75102",330,228,102
"75103",1689,1113,576
"75104",7689,5191,2498
"75105",75,57,18
"75109",1461,1049,412
"75110",6371,4522,1849
"75114",708,474,234
"75115",10016,6674,3342
"75116",2589,1811,778
"75117",427,289,138
"75119",3863,2756,1107
"75124",507,345,162
"75125",658,455,203
"75126",9031,5776,3255
"75127",160,105,55
"75132",48,34,14
"75134",2336,1504,832
"75135",956,603,353
"75137",3541,2381,1160
"75140",1104,732,372
"75141",400,273,127
"75142",2612,1817,795
"75143",1822,1258,564
"75144",934,658,276
"75146",2782,1861,921
"75147",854,561,293
"75148",685,493,192
"75149",6983,4578,2405
"75150",8728,5739,2989
"75152",610,452,158
"75153",106,77,29
"75154",6400,4452,1948
"75155",274,211,63
"75156",1787,1241,546
"75157",42,27,15
"75158",614,436,178
"75159",1943,1314,629
"75160",4078,2581,1497
"75161",1018,658,360
"75163",374,270,104
"75164",50,34,16
"75165",8297,6186,2111
"75166",756,541,215
"75167",1995,1407,588
"75169",1818,1160,658
"75172",320,212,108
"75173",866,605,261
"75180",1901,1271,630
"75181",3908,2538,1370
"75182",2489,1567,922
"75189",4312,2888,1424
"75201",3770,2381,1383
"75202",551,356,195
"75203",1714,1123,591
"75204",6818,4257,2561
"75205",8233,5179,3053
"75206",9176,5811,3359
"75207",1108,754,354
"75208",6853,4455,2397
"75209",5436,3426,2010
"75210",663,477,186
"75211",8026,5395,2631
"75212",3681,2415,1266
"75214",11213,7418,3795
"75215",2121,1477,634
"75216",5721,3905,1816
"75217",7026,4835,2191
"75218",6827,4555,2272
"75219",10708,6432,4276
"75220",5992,3919,2073
"75223",2021,1360,661
"75224",4223,2895,1328
"75225",11703,7416,4287
"75226",732,466,266
"75227",6982,4717,2265
"75228",9730,6513,3217
"75229",8953,5759,3194
"75230",11978,7718,4260
"75231",6557,4261,2296
"75232",4896,3202,1694
"75233",2342,1519,823
"75234",6013,3935,2078
"75235",6254,3601,2653
"75236",1563,1014,549
"75237",1334,890,444
"75238",6972,4613,2354
"75240",3417,2221,1196
"75241",3506,2355,1151
"75243",9430,6429,3001
"75244",3728,2446,1282
"75246",591,375,216
"75247",274,170,104
"75248",11566,7690,3876
"75249",1710,1153,557
"75251",1081,626,455
"75252",9097,5698,3399
"75253",1331,892,434
"75254",3572,2297,1275
"75270",8,6,0
"75287",6888,4641,2247
"75390",50,26,24
"75401",2003,1223,780
"75402",3974,2395,1579
"75407",2530,1738,792
"75409",2716,1821,890
"75410",659,479,180
"75411",240,163,72
"75412",122,87,35
"75413",40,24,16
"75414",545,346,199
"75415",30,20,10
"75416",602,404,198
"75417",438,302,136
"75418",2515,1600,915
"75420",158,102,56
"75421",187,129,58
"75422",519,311,208
"75423",409,254,155
"75424",451,314,137
"75426",1021,686,335
"75428",1204,764,440
"75431",158,111,47
"75432",564,374,190
"75433",316,216,100
"75435",200,149,51
"75436",290,206,84
"75437",123,79,44
"75438",277,167,110
"75439",164,102,62
"75440",929,651,278
"75441",18,15,0
"75442",1520,1074,446
"75446",1123,607,516
"75447",222,140,82
"75448",95,58,37
"75449",165,104,61
"75450",47,30,17
"75451",134,96,38
"75452",662,421,241
"75453",482,306,176
"75454",2200,1485,715
"75455",3521,2380,1141
"75457",1109,746,363
"75459",581,389,192
"75460",4151,2835,1316
"75462",3495,2232,1263
"75468",220,147,73
"75469",114,63,51
"75470",49,31,18
"75471",116,75,41
"75472",399,263,136
"75473",867,599,268
"75474",1786,1142,644
"75475",31,19,12
"75476",230,149,81
"75477",159,109,50
"75478",126,83,43
"75479",264,175,89
"75480",268,191,77
"75481",81,53,28
"75482",3648,2421,1227
"75486",524,345,179
"75487",147,107,40
"75488",221,135,86
"75489",140,92,48
"75490",420,275,145
"75491",666,439,227
"75492",167,92,75
"75493",38,24,14
"75494",1379,958,421
"75495",1482,1064,418
"75496",626,377,249
"75497",716,518,198
"75501",2863,1934,929
"75503",5481,3501,1980
"75550",128,94,34
"75551",1178,839,339
"75554",234,179,55
"75555",72,55,17
"75556",106,72,34
"75558",170,114,56
"75559",479,323,156
"75560",92,61,31
"75561",378,256,122
"75562",6,6,0
"75563",274,202,72
"75565",9,8,0
"75566",34,28,6
"75567",274,193,81
"75568",237,175,62
"75569",257,183,74
"75570",687,465,222
"75571",263,189,74
"75572",269,197,72
"75573",50,34,16
"75574",92,66,26
"75601",3528,2426,1102
"75602",2450,1654,796
"75603",1206,826,380
"75604",4941,3367,1574
"75605",8958,5960,2998
"75630",246,182,64
"75631",271,181,90
"75633",1779,1169,605
"75638",691,473,218
"75639",179,128,51
"75640",588,421,167
"75641",8,6,0
"75642",32,27,0
"75643",161,100,61
"75644",1524,1111,413
"75645",1280,906,374
"75647",1944,1352,592
"75650",1549,1012,537
"75651",290,211,79
"75652",1774,1301,470
"75654",1629,1129,500
"75656",462,318,144
"75657",1028,737,291
"75661",247,200,47
"75662",3263,2280,983
"75667",126,88,38
"75668",171,124,47
"75669",74,51,23
"75670",1946,1436,510
"75672",2651,1986,665
"75681",334,227,107
"75682",88,61,27
"75683",367,256,111
"75684",592,425,167
"75686",1879,1242,637
"75691",707,441,266
"75692",281,210,65
"75693",1052,716,336
"75701",7682,4959,2715
"75702",2454,1689,765
"75703",13308,8457,4851
"75704",1259,884,375
"75705",308,226,82
"75706",855,584,271
"75707",4029,2584,1445
"75708",719,515,204
"75709",1291,833,458
"75750",554,379,175
"75751",2635,1844,791
"75752",1102,786,316
"75754",767,544,223
"75755",596,410,186
"75756",490,340,150
"75757",2738,1821,917
"75758",1812,1234,578
"75759",0,0,0
"75760",321,193,128
"75762",2677,1784,893
"75763",723,508,215
"75764",31,20,11
"75765",1705,1217,488
"75766",3233,2094,1139
"75770",513,355,155
"75771",4420,2998,1422
"75773",2070,1411,659
"75778",442,314,128
"75779",51,32,19
"75780",16,12,0
"75783",1020,677,343
"75784",84,58,26
"75785",1958,1214,744
"75788",9,6,0
"75789",1104,731,371
"75790",690,486,204
"75791",2623,1677,946
"75792",545,382,163
"75801",1820,1143,677
"75803",1782,1117,657
"75831",516,362,154
"75832",23,13,10
"75833",386,282,104
"75835",1623,1015,608
"75838",53,36,17
"75839",461,291,170
"75840",851,543,308
"75844",712,433,279
"75845",534,307,222
"75846",321,227,88
"75847",213,141,72
"75848",23,15,8
"75849",36,24,12
"75850",77,52,25
"75851",273,190,83
"75852",208,143,65
"75853",100,64,36
"75855",214,144,70
"75856",40,27,13
"75858",23,17,6
"75859",474,332,142
"75860",557,369,188
"75861",195,124,71
"75862",2683,1508,1175
"75901",5400,3607,1793
"75904",7068,4683,2385
"75925",614,405,209
"75926",195,117,78
"75928",218,169,49
"75929",352,247,105
"75930",215,152,63
"75931",802,533,269
"75932",305,193,112
"75933",251,169,82
"75934",23,17,6
"75935",1425,878,547
"75936",180,139,41
"75937",166,106,60
"75938",488,328,160
"75939",656,511,145
"75941",1181,804,377
"75942",72,47,25
"75943",255,150,105
"75944",242,162,80
"75946",555,332,223
"75948",1686,1025,661
"75949",1047,667,380
"75951",3719,2484,1235
"75954",192,123,69
"75956",1343,917,426
"75959",224,130,94
"75960",156,116,40
"75961",2502,1525,977
"75962",15,8,7
"75964",3011,1804,1207
"75965",4982,2786,2196
"75966",1027,690,337
"75968",254,160,94
"75969",751,548,203
"75972",1441,1025,416
"75973",325,212,113
"75974",240,160,80
"75975",344,214,130
"75976",211,132,79
"75977",139,94,45
"75978",27,15,12
"75979",2173,1458,715
"75980",463,315,148
"76001",6659,4103,2556
"76002",5262,3338,1924
"76006",3621,2278,1343
"76008",5034,3095,1939
"76009",1886,1297,589
"76010",4859,2940,1919
"76011",3583,2094,1489
"76012",7433,4588,2845
"76013",7440,4642,2798
"76014",3696,2391,1305
"76015",2976,1849,1127
"76016",9172,5672,3500
"76017",9672,5947,3725
"76018",3867,2439,1428
"76020",5484,3429,2055
"76021",9703,5935,3768
"76022",2664,1679,985
"76023",906,590,316
"76028",13716,9197,4519
"76031",1660,1121,539
"76033",4158,2930,1228
"76034",10593,6345,4248
"76035",358,238,120
"76036",5018,3143,1875
"76039",7115,4429,2686
"76040",6369,3947,2422
"76041",97,76,21
"76043",1334,969,365
"76044",729,482,247
"76048",5012,3754,1258
"76049",6797,5364,1433
"76050",909,608,301
"76051",12226,7693,4533
"76052",3840,2337,1503
"76053",4587,2916,1671
"76054",4255,2645,1610
"76055",408,268,140
"76058",2134,1445,689
"76059",900,569,331
"76060",2468,1380,1088
"76061",38,24,14
"76063",15558,9609,5949
"76064",275,210,65
"76065",7369,5076,2293
"76066",555,353,202
"76067",2226,1574,652
"76070",87,65,22
"76071",406,265,141
"76073",982,611,371
"76077",67,50,17
"76078",1061,679,382
"76082",2513,1544,969
"76084",931,635,296
"76085",1984,1264,720
"76086",4163,2688,1475
"76087",7315,4627,2688
"76088",2347,1502,845
"76092",10620,6681,3939
"76093",218,148,70
"76102",3337,2010,1327
"76103",2269,1397,872
"76104",3495,2176,1319
"76105",2000,1285,715
"76106",4019,2595,1424
"76107",10054,6083,3971
"76108",7259,4498,2761
"76109",8868,5235,3631
"76110",5190,3175,2015
"76111",2383,1524,859
"76112",6963,4416,2547
"76114",3919,2419,1500
"76115",1719,1103,616
"76116",11593,6853,4740
"76117",3035,1915,1120
"76118",3374,2180,1194
"76119",4703,2923,1780
"76120",2329,1471,858
"76123",7292,4435,2857
"76126",7189,4292,2897
"76127",8,0,0
"76129",26,18,8
"76131",6713,4282,2431
"76132",8827,5278,3549
"76133",10492,6390,4102
"76134",3696,2344,1352
"76135",3239,1996,1243
"76137",7930,4876,3054
"76140",3334,2148,1186
"76148",3406,2121,1285
"76155",471,336,135
"76164",2054,1201,853
"76177",3209,2050,1159
"76179",10770,6732,4038
"76180",8226,5165,3055
"76182",8303,5257,3046
"76201",3642,2538,1099
"76205",3057,2236,821
"76207",4939,3757,1182
"76208",4418,3213,1205
"76209",4232,3044,1188
"76210",8934,6359,2575
"76225",441,285,156
"76226",7161,5058,2103
"76227",6016,4295,1721
"76228",366,209,157
"76230",1772,1047,725
"76233",489,313,176
"76234",3729,2350,1374
"76238",104,67,37
"76239",217,128,89
"76240",4412,3220,1192
"76244",11438,7175,4263
"76245",300,214,86
"76247",2227,1580,647
"76248",10495,6568,3927
"76249",1323,941,382
"76250",258,170,88
"76251",189,110,79
"76252",545,385,160
"76253",9,0,0
"76255",1649,957,692
"76258",1229,868,361
"76259",695,494,201
"76261",67,36,31
"76262",7592,5135,2457
"76263",19,11,8
"76264",164,105,59
"76265",316,185,131
"76266",2219,1595,624
"76268",31,19,12
"76270",450,281,169
"76271",222,147,75
"76272",741,528,213
"76273",1134,790,344
"76301",2728,1671,1057
"76302",2912,1831,1081
"76305",1404,855,549
"76306",2524,1555,969
"76308",6139,3710,2429
"76309",3318,2035,1283
"76310",5991,3633,2358
"76311",142,85,57
"76351",448,271,177
"76354",2628,1636,992
"76357",225,126,99
"76360",1222,672,550
"76363",68,43,25
"76364",41,25,16
"76365",2201,1247,954
"76366",530,368,162
"76367",2566,1601,965
"76370",73,42,31
"76371",506,326,180
"76372",139,89,50
"76373",46,28,18
"76374",996,616,380
"76377",206,126,80
"76379",120,76,44
"76380",1600,893,707
"76384",3821,2575,1246
"76388",87,52,35
"76389",319,203,116
"76401",4005,2832,1173
"76402",10,6,0
"76424",1006,735,271
"76426",1931,1253,678
"76427",99,70,29
"76429",25,18,7
"76430",454,353,101
"76431",507,326,181
"76432",159,115,44
"76433",347,243,98
"76435",79,53,26
"76436",30,21,9
"76437",429,306,123
"76442",1833,1063,770
"76443",187,148,39
"76444",946,555,391
"76445",72,46,26
"76446",1014,710,301
"76448",1016,611,405
"76449",410,308,102
"76450",2428,1716,712
"76452",10,0,0
"76453",298,222,76
"76454",178,119,59
"76455",175,108,67
"76457",584,394,190
"76458",1160,910,250
"76459",37,28,9
"76460",67,45,22
"76462",456,315,141
"76463",76,55,21
"76464",60,46,14
"76466",19,14,0
"76469",11,7,0
"76470",294,194,100
"76471",207,132,75
"76472",226,160,66
"76474",57,35,22
"76475",106,75,31
"76476",390,298,92
"76481",14,12,0
"76483",420,281,139
"76484",144,101,43
"76486",203,149,54
"76487",394,255,139
"76490",38,26,12
"76491",126,93,33
"76501",2559,1651,908
"76502",11264,6960,4304
"76504",3544,2225,1319
"76508",7,0,0
"76511",318,199,119
"76513",7572,4727,2845
"76518",201,124,77
"76519",82,52,30
"76520",1580,972,608
"76522",3129,2149,980
"76523",0,0,0
"76524",453,301,152
"76525",243,153,90
"76527",377,253,124
"76528",4387,2684,1700
"76530",241,165,76
"76531",1192,748,444
"76534",334,212,122
"76537",903,586,317
"76538",208,136,72
"76539",813,548,265
"76541",881,584,293
"76542",3506,2239,1267
"76543",1672,1100,572
"76544",135,88,47
"76548",2849,1804,1045
"76549",2845,1831,1014
"76550",1669,1159,510
"76554",234,153,81
"76556",240,148,92
"76557",688,435,253
"76559",550,348,202
"76561",223,140,83
"76565",27,20,7
"76566",109,68,41
"76567",1627,1032,595
"76569",331,204,127
"76570",432,309,123
"76571",2403,1462,941
"76573",11,7,0
"76574",2076,1432,644
"76577",406,257,149
"76578",163,116,47
"76579",669,415,247
"76596",0,0,0
"76597",0,0,0
"76598",0,0,0
"76621",196,127,69
"76622",147,103,44
"76623",36,28,8
"76624",354,231,123
"76626",406,277,129
"76627",135,88,47
"76628",10,8,0
"76629",377,287,90
"76630",300,177,123
"76631",74,52,22
"76632",250,184,66
"76633",1198,798,400
"76634",2057,1243,814
"76635",77,61,16
"76636",181,124,57
"76637",107,64,43
"76638",741,464,277
"76639",315,241,74
"76640",454,319,135
"76641",274,203,71
"76642",1141,781,360
"76643",3469,2327,1142
"76645",1875,1220,655
"76648",323,220,103
"76649",108,74,34
"76650",13,9,0
"76651",427,325,102
"76652",82,50,32
"76653",193,144,49
"76654",38,24,14
"76655",2066,1361,705
"76656",518,339,179
"76657",2550,1666,884
"76660",77,48,29
"76661",1271,925,346
"76664",420,297,123
"76665",417,247,170
"76666",41,29,12
"76667",1900,1271,629
"76670",192,139,53
"76671",273,181,92
"76673",123,82,41
"76676",60,41,19
"76678",33,23,10
"76679",290,208,82
"76680",47,30,17
"76681",91,67,24
"76682",531,361,170
"76685",18,11,7
"76686",43,30,13
"76687",300,204,96
"76689",685,450,235
"76690",179,115,64
"76691",1338,934,400
"76692",1973,1241,732
"76693",194,137,57
"76701",212,153,59
"76704",945,688,257
"76705",3427,2468,959
"76706",4509,3121,1388
"76707",1821,1290,531
"76708",4533,3067,1466
"76710",5933,3951,1982
"76711",1135,839,296
"76712",9300,6061,3239
"76798",28,18,10
"76801",2876,2097,779
"76802",779,521,258
"76820",40,33,7
"76821",1061,651,410
"76823",295,213,82
"76824",9,7,0
"76825",1023,793,230
"76827",71,47,24
"76828",24,14,10
"76831",28,18,10
"76832",40,34,6
"76834",989,653,336
"76836",10,7,0
"76837",384,341,43
"76841",18,17,0
"76842",43,37,6
"76844",881,560,321
"76845",26,17,9
"76848",16,13,0
"76849",840,618,222
"76852",53,39,14
"76853",152,112,40
"76854",36,32,0
"76856",1009,808,201
"76857",221,153,68
"76858",38,32,6
"76859",650,498,152
"76861",355,239,116
"76862",47,39,8
"76864",145,99,46
"76865",36,21,15
"76866",138,100,38
"76869",35,28,7
"76870",37,31,6
"76871",75,57,18
"76872",146,106,40
"76873",7,6,0
"76874",19,13,6
"76875",186,118,68
"76877",240,175,65
"76878",203,123,80
"76882",36,28,8
"76884",36,22,14
"76885",15,12,0
"76887",32,23,9
"76888",42,25,17
"76890",114,77,37
"76901",6592,4301,2291
"76903",5944,3992,1952
"76904",10412,6872,3540
"76905",2022,1355,667
"76908",10,7,0
"76930",21,16,0
"76932",622,490,132
"76933",254,173,81
"76934",346,286,60
"76935",379,264,115
"76936",572,440,132
"76937",57,39,18
"76939",42,26,16
"76940",36,24,12
"76941",188,140,48
"76943",822,565,257
"76945",345,258,87
"76950",556,366,190
"76951",149,115,34
"76953",0,0,0
"76955",37,27,10
"76957",122,75,47
"76958",74,57,17
"77002",2173,1391,776
"77003",2010,1325,685
"77004",7978,4935,3043
"77005",13526,8143,5383
"77006",7992,4897,3095
"77007",10104,6462,3642
"77008",13424,8487,4934
"77009",6613,4368,2245
"77010",202,126,76
"77011",2064,1399,665
"77012",1608,1111,497
"77013",1471,1022,442
"77014",3438,2229,1209
"77015",5058,3406,1652
"77016",3117,2226,891
"77017",3484,2357,1121
"77018",5986,3971,2010
"77019",8429,5235,3194
"77020",2755,1812,943
"77021",5192,3334,1858
"77022",2813,1940,865
"77023",3998,2626,1372
"77024",23865,14558,9307
"77025",11610,6991,4619
"77026",2025,1366,657
"77027",6606,4116,2490
"77028",1858,1347,511
"77029",1897,1284,613
"77030",20965,12411,8554
"77031",2553,1686,867
"77032",768,521,247
"77033",3333,2233,1100
"77034",3666,2426,1240
"77035",6738,4221,2517
"77036",7112,4746,2366
"77037",1295,889,406
"77038",1995,1365,630
"77039",1988,1350,638
"77040",6098,4093,1997
"77041",5829,3925,1904
"77042",5366,3555,1807
"77043",3971,2655,1316
"77044",5398,3544,1854
"77045",5349,3529,1820
"77046",787,485,302
"77047",5113,3310,1803
"77048",2672,1813,859
"77049",3503,2356,1147
"77050",457,322,135
"77051",2252,1497,755
"77053",3607,2508,1099
"77054",8174,4755,3419
"77055",7329,4841,2488
"77056",9698,6203,3495
"77057",8620,5588,3030
"77058",3706,2335,1371
"77059",6745,4194,2551
"77060",1761,1204,557
"77061",2486,1690,796
"77062",6630,4186,2444
"77063",5886,3802,2084
"77064",6448,4336,2112
"77065",5131,3476,1655
"77066",4084,2768,1316
"77067",2265,1511,754
"77068",2012,1316,696
"77069",4425,2863,1562
"77070",7811,5221,2590
"77071",5746,3710,2036
"77072",6768,4612,2156
"77073",3079,2051,1028
"77074",5195,3354,1838
"77075",4108,2762,1346
"77076",2479,1684,795
"77077",12729,8178,4546
"77078",1216,852,364
"77079",7529,4945,2584
"77080",5287,3534,1746
"77081",3509,2266,1243
"77082",8733,5858,2875
"77083",12154,8174,3980
"77084",11880,8092,3784
"77085",2487,1666,821
"77086",2469,1639,830
"77087",4592,3059,1533
"77088",5738,3895,1839
"77089",14457,8965,5492
"77090",3403,2249,1148
"77091",2976,2060,916
"77092",3892,2585,1307
"77093",3510,2373,1137
"77094",2615,1747,868
"77095",10830,7429,3401
"77096",10604,6481,4123
"77098",5861,3559,2302
"77099",6195,4119,2076
"77201",204,138,64
"77301",3308,2333,975
"77302",2206,1517,689
"77303",1845,1335,510
"77304",7233,4875,2358
"77306",792,575,217
"77316",5353,3522,1831
"77318",2890,1995,895
"77320",2950,2001,941
"77326",21,14,7
"77327",1998,1255,743
"77328",1325,846,479
"77331",1597,934,663
"77334",39,26,13
"77335",248,182,66
"77336",1273,859,414
"77338",3657,2425,1232
"77339",8263,5276,2987
"77340",3974,2708,1260
"77342",156,104,52
"77345",6100,4031,2069
"77346",9248,6127,3121
"77350",45,35,10
"77351",6362,4323,2039
"77354",5001,3372,1629
"77355",3620,2394,1226
"77356",8775,5742,3033
"77357",2004,1366,638
"77358",639,431,208
"77359",84,59,25
"77360",892,657,235
"77362",830,545,285
"77363",389,274,115
"77364",434,313,121
"77365",3953,2653,1300
"77367",88,61,27
"77368",36,25,11
"77369",62,39,23
"77371",542,336,206
"77372",769,519,250
"77373",5943,4007,1936
"77374",59,42,17
"77375",8798,6020,2778
"77376",52,35,17
"77377",5848,3889,1959
"77378",1841,1270,571
"77379",15898,10392,5506
"77380",10495,6545,3950
"77381",10842,7193,3649
"77382",9550,6569,2981
"77384",5810,3806,2004
"77385",3956,2671,1285
"77386",8436,5717,2719
"77388",7600,5035,2565
"77389",7647,5241,2406
"77396",5497,3627,1870
"77401",9668,5819,3849
"77406",11872,7953,3919
"77407",14727,9781,4946
"77412",56,41,15
"77414",2656,1760,896
"77415",40,29,11
"77417",265,202,63
"77418",2269,1522,747
"77419",127,83,44
"77420",216,151,65
"77422",1590,1196,394
"77423",2011,1479,532
"77426",422,347,75
"77428",0,0,0
"77429",13300,8844,4456
"77430",356,254,102
"77432",25,15,10
"77433",15697,10440,5257
"77434",710,518,192
"77435",710,494,216
"77436",26,20,6
"77437",2250,1405,845
"77440",30,19,11
"77441",4821,3205,1616
"77442",207,127,80
"77443",56,41,15
"77444",97,73,24
"77445",1608,1098,510
"77446",158,107,51
"77447",1745,1194,551
"77448",111,84,27
"77449",12101,8173,3928
"77450",13360,8957,4403
"77451",134,112,22
"77453",25,16,9
"77454",32,28,0
"77455",186,120,66
"77456",130,87,43
"77457",113,77,36
"77458",57,40,17
"77459",25196,16401,8795
"77460",36,23,13
"77461",1680,1140,540
"77464",86,61,25
"77465",718,464,254
"77466",101,69,32
"77467",11,7,0
"77468",29,21,8
"77469",13391,8968,4423
"77470",58,36,22
"77471",5794,3971,1823
"77473",48,30,18
"77474",1776,1259,517
"77475",150,96,54
"77476",148,96,52
"77477",6643,4378,2265
"77478",11262,7346,3916
"77479",35806,23118,12688
"77480",1278,907,371
"77481",54,38,16
"77482",219,145,74
"77483",27,21,6
"77484",1418,994,424
"77485",412,286,126
"77486",1386,925,461
"77488",2161,1468,693
"77489",6717,4615,2102
"77493",6839,4567,2272
"77494",24376,16187,8189
"77498",12233,8111,4122
"77502",3398,2213,1185
"77503",2376,1546,830
"77504",3106,1987,1119
"77505",4215,2720,1495
"77506",2433,1611,822
"77507",70,44,26
"77510",2663,1691,972
"77511",6455,4347,2108
"77514",992,695,297
"77515",5319,3659,1660
"77517",980,634,346
"77518",1033,687,346
"77519",98,68,30
"77520",4217,2737,1480
"77521",8276,5305,2971
"77523",3716,2536,1180
"77530",2388,1621,767
"77531",1537,1147,390
"77532",3591,2405,1186
"77533",71,41,30
"77534",452,306,146
"77535",3056,1963,1093
"77536",5009,3247,1762
"77538",136,84,52
"77539",7653,4874,2779
"77541",1512,1127,385
"77545",3499,2374,1125
"77546",13407,8641,4766
"77547",854,581,273
"77550",8707,5213,3494
"77551",6543,3901,2642
"77554",4523,2711,1812
"77560",130,95,35
"77561",134,79,55
"77562",1282,857,425
"77563",2004,1300,704
"77564",185,117,68
"77565",1851,1207,644
"77566",5150,3639,1511
"77568",4048,2584,1464
"77571",4730,3029,1701
"77573",22375,14227,8148
"77575",2162,1323,839
"77577",227,155,72
"77578",5678,3641,2037
"77580",268,173,95
"77581",10915,6914,4001
"77583",5128,3411,1717
"77584",24753,15432,9321
"77585",89,63,26
"77586",4819,3050,1769
"77587",1394,940,454
"77590",5254,3379,1875
"77591",3345,2150,1195
"77597",122,84,38
"77598",3442,2296,1146
"77611",1240,964,276
"77612",1439,976,463
"77613",175,140,35
"77614",123,92,31
"77615",205,133,72
"77616",139,99,40
"77617",50,35,15
"77619",2010,1497,513
"77622",290,204,86
"77623",59,42,17
"77624",168,121,47
"77625",1529,1080,449
"77627",3848,2744,1104
"77629",127,100,27
"77630",3265,2589,676
"77632",3103,2436,667
"77640",3451,2364,1084
"77642",4849,3523,1326
"77650",804,534,270
"77651",2524,1772,752
"77655",38,29,9
"77656",2768,2003,765
"77657",4424,3152,1272
"77659",1058,698,360
"77660",192,141,51
"77661",136,100,36
"77662",2928,2186,742
"77663",510,349,161
"77664",568,393,175
"77665",1288,930,358
"77701",1355,1082,268
"77702",473,339,134
"77703",1068,878,190
"77705",3204,2488,716
"77706",7986,5701,2285
"77707",3579,2603,976
"77708",1788,1355,433
"77713",2549,1848,701
"77801",974,727,247
"77802",6808,5089,1719
"77803",2596,1972,624
"77807",2012,1431,581
"77808",3058,2326,732
"77830",475,358,109
"77831",504,359,145
"77833",6388,4813,1575
"77835",559,462,97
"77836",1764,1310,444
"77837",192,153,39
"77840",3378,2546,832
"77845",14570,10744,3823
"77853",123,92,31
"77855",37,26,11
"77856",891,644,247
"77857",194,123,71
"77859",1225,908,317
"77861",507,390,117
"77864",912,619,293
"77865",222,155,67
"77867",0,0,0
"77868",2142,1529,613
"77871",534,384,150
"77872",225,172,53
"77873",176,144,32
"77876",28,22,6
"77878",90,69,21
"77879",884,687,197
"77880",360,285,75
"77901",6302,4393,1909
"77904",7989,5361,2628
"77905",3083,2081,1002
"77950",55,35,20
"77951",212,153,59
"77954",1531,1019,507
"77957",2226,1239,987
"77960",22,15,7
"77961",19,12,7
"77962",975,562,413
"77963",1568,946,622
"77964",2145,1330,815
"77968",672,441,231
"77969",21,12,9
"77970",67,38,29
"77971",207,118,89
"77973",0,0,0
"77974",54,39,15
"77975",363,235,128
"77976",44,27,17
"77977",88,59,29
"77978",84,59,25
"77979",2444,1706,738
"77982",243,173,70
"77983",231,165,66
"77984",894,623,271
"77987",26,18,8
"77988",81,56,25
"77990",136,88,48
"77991",98,54,44
"77993",8,0,0
"77994",47,28,19
"77995",1231,832,399
"78001",12,8,0
"78002",1240,831,409
"78003",1220,907,313
"78004",118,79,39
"78005",140,109,31
"78006",9631,6500,3131
"78007",21,16,0
"78008",65,37,28
"78009",1831,1244,587
"78010",300,196,104
"78011",221,147,74
"78012",29,23,6
"78013",1038,710,328
"78014",2141,1493,648
"78015",5744,3667,2077
"78016",1529,1099,430
"78017",664,493,171
"78019",525,340,185
"78021",21,14,7
"78022",1133,700,433
"78023",8344,5228,3116
"78024",272,202,70
"78025",506,362,144
"78026",801,527,274
"78027",80,60,20
"78028",6278,4342,1936
"78029",111,76,35
"78039",256,182,74
"78040",6817,4846,1971
"78041",14380,10032,4348
"78043",7519,5376,2143
"78044",139,107,32
"78045",20920,14677,6243
"78046",9182,6833,2349
"78050",97,60,37
"78052",1173,781,392
"78055",220,159,61
"78056",556,353,203
"78057",198,139,59
"78058",169,129,40
"78059",840,591,249
"78060",21,12,9
"78061",2183,1529,654
"78063",1483,975,508
"78064",2467,1572,895
"78065",1495,994,501
"78066",179,118,61
"78067",159,113,46
"78069",827,513,314
"78070",3691,2541,1150
"78071",740,452,288
"78072",119,81,38
"78073",1154,744,410
"78075",20,15,0
"78076",2274,1712,562
"78101",1465,965,500
"78102",8987,5021,3966
"78104",471,262,209
"78107",145,80,65
"78108",5453,3627,1826
"78109",5254,3410,1844
"78112",1139,750,389
"78113",447,293,154
"78114",4262,2636,1626
"78116",50,36,14
"78117",89,52,37
"78118",841,517,324
"78119",1137,708,429
"78121",2328,1509,819
"78122",71,48,23
"78123",368,285,83
"78124",881,629,252
"78125",54,30,24
"78130",13366,9752,3614
"78132",7717,5580,2137
"78133",3403,2555,848
"78140",296,221,75
"78141",135,87,48
"78142",127,72,55
"78143",11,8,0
"78144",8,7,0
"78145",105,61,44
"78146",223,124,99
"78147",413,256,157
"78148",2805,1853,952
"78150",0,0,0
"78151",279,164,115
"78152",595,385,210
"78154",6414,4352,2062
"78155",8002,6140,1859
"78159",96,71,25
"78160",666,462,204
"78161",85,55,30
"78162",133,73,60
"78163",2823,1884,939
"78164",457,308,149
"78201",8107,5202,2905
"78202",1479,977,502
"78203",827,548,279
"78204",2595,1691,904
"78205",670,439,221
"78207",6271,4171,2100
"78208",469,317,152
"78209",13630,8621,5009
"78210",6498,4213,2285
"78211",4507,2933,1574
"78212",6662,4269,2393
"78213",7859,5106,2753
"78214",4208,2809,1399
"78215",992,595,397
"78216",7929,5134,2790
"78217",4706,3075,1623
"78218",4757,3098,1659
"78219",1772,1159,613
"78220",2332,1600,732
"78221",6567,4262,2305
"78222",3615,2324,1291
"78223",9936,6370,3566
"78224",3487,2274,1213
"78225",2385,1593,792
"78226",1090,719,371
"78227",6271,4146,2125
"78228",11678,7601,4077
"78229",8080,4878,3202
"78230",12648,7913,4732
"78231",3454,2169,1285
"78232",8748,5639,3109
"78233",6252,4083,2169
"78234",96,59,37
"78235",454,272,182
"78236",41,27,14
"78237",5423,3561,1862
"78238",4806,3023,1783
"78239",4450,3029,1421
"78240",13665,8563,5100
"78242",3596,2365,1231
"78243",7,7,0
"78244",3558,2334,1224
"78245",12886,8270,4616
"78247",8919,5722,3197
"78248",5498,3436,2062
"78249",12427,7800,4627
"78250",11679,7408,4271
"78251",9935,6248,3687
"78252",1791,1120,671
"78253",12929,8285,4644
"78254",13657,8528,5129
"78255",5603,3508,2095
"78256",3485,2188,1297
"78257",4406,2789,1617
"78258",14059,9070,4989
"78259",6088,3900,2188
"78260",8348,5359,2989
"78261",4965,3174,1791
"78263",1059,718,341
"78264",1623,1060,563
"78266",1797,1211,586
"78330",290,187,103
"78332",11501,7203,4298
"78335",65,48,17
"78336",1643,1208,435
"78338",33,19,14
"78339",326,203,123
"78340",112,64,48
"78341",763,478,285
"78342",242,147,95
"78343",1669,1005,664
"78344",114,94,20
"78349",194,115,79
"78351",234,149,85
"78352",96,64,32
"78353",100,64,36
"78355",1888,1216,672
"78357",792,610,182
"78358",446,319,127
"78359",331,244,87
"78361",1905,1292,613
"78362",1210,853,357
"78363",12639,7482,5157
"78368",2110,1364,746
"78369",48,34,14
"78370",1152,779,373
"78371",21,16,0
"78372",1109,754,355
"78373",1400,979,421
"78374",3608,2480,1128
"78375",776,506,270
"78376",107,74,33
"78377",983,566,417
"78379",885,518,367
"78380",6173,4000,2173
"78382",4779,3291,1488
"78383",886,593,293
"78384",1998,1351,647
"78385",156,86,70
"78387",1861,1310,551
"78389",680,394,286
"78390",890,617,273
"78391",103,62,41
"78393",476,304,172
"78401",1044,771,273
"78402",209,142,67
"78404",3773,2497,1276
"78405",2574,1755,819
"78406",177,126,51
"78407",228,160,68
"78408",1764,1221,543
"78409",455,315,140
"78410",6396,4211,2185
"78411",7807,5065,2742
"78412",8206,5436,2770
"78413",10918,7104,3814
"78414",14429,9266,5163
"78415",8180,5587,2590
"78416",2569,1805,764
"78417",723,492,231
"78418",6999,4731,2268
"78419",10,8,0
"78501",16185,10223,5962
"78503",7293,4659,2634
"78504",20004,12026,7978
"78516",5963,4022,1941
"78520",16409,10215,6194
"78521",18364,11545,6819
"78526",14897,9156,5741
"78535",220,143,77
"78536",57,42,15
"78537",5328,3611,1717
"78538",1555,1087,468
"78539",14187,8766,5421
"78541",9145,5875,3270
"78542",11577,7509,4068
"78543",1362,948,414
"78545",94,76,18
"78548",402,292,110
"78549",97,71,26
"78550",13519,8552,4967
"78552",9594,6032,3562
"78557",2985,2020,965
"78558",311,210,101
"78559",2684,1655,1029
"78560",992,639,353
"78561",88,58,30
"78562",314,219,95
"78563",164,100,64
"78564",47,35,12
"78565",106,70,36
"78566",5184,3036,2148
"78567",121,74,47
"78569",900,572,328
"78570",4854,3189,1665
"78572",21694,14553,7141
"78573",6792,4371,2421
"78574",8357,5470,2887
"78575",2310,1372,938
"78576",1299,854,445
"78577",13587,9098,4489
"78578",3139,2034,1105
"78579",362,242,120
"78580",2556,1577,979
"78582",8517,6339,2178
"78583",1497,980,517
"78584",3586,2636,950
"78585",63,47,16
"78586",9254,5768,3486
"78588",69,56,13
"78589",7465,4875,2590
"78590",88,55,33
"78591",80,58,22
"78592",111,72,39
"78593",985,674,311
"78594",399,251,148
"78595",667,453,214
"78596",12718,8291,4427
"78597",3685,2419,1266
"78598",107,75,32
"78602",4323,3209,1114
"78605",496,349,147
"78606",1141,805,336
"78607",32,29,0
"78608",47,31,16
"78609",265,218,47
"78610",7570,5177,2393
"78611",1812,1294,518
"78612",1396,1001,395
"78613",12505,8700,3805
"78614",88,63,25
"78615",182,124,58
"78616",748,521,227
"78617",2015,1344,671
"78618",101,68,33
"78619",1373,957,416
"78620",3591,2594,997
"78621",3177,2323,854
"78622",59,45,14
"78623",391,289,102
"78624",6073,4026,2047
"78626",4924,3307,1613
"78628",7459,5282,2177
"78629",2438,1681,752
"78631",319,220,99
"78632",181,129,52
"78633",10497,7891,2606
"78634",3898,2562,1336
"78635",24,18,6
"78636",842,615,227
"78638",295,224,71
"78639",1124,916,208
"78640",8383,5719,2664
"78641",11085,7540,3545
"78642",2163,1443,720
"78643",1112,830,282
"78644",2677,1893,784
"78645",2129,1491,638
"78648",1470,1081,389
"78650",195,155,40
"78652",1529,1010,519
"78653",3476,2300,1176
"78654",2784,2060,724
"78655",470,320,150
"78656",253,188,65
"78657",1671,1295,376
"78659",425,313,112
"78660",14407,9790,4617
"78661",48,39,9
"78662",274,194,80
"78663",206,146,60
"78664",6938,4736,2202
"78665",9476,6413,3063
"78666",9903,6866,3037
"78669",2120,1555,565
"78670",44,33,11
"78671",182,111,71
"78672",138,111,27
"78675",36,26,10
"78676",4073,2805,1268
"78677",7,6,0
"78681",9540,6549,2991
"78701",2743,1838,905
"78702",3690,2597,1093
"78703",6884,4581,2303
"78704",8947,6167,2776
"78705",3348,2224,1124
"78712",79,52,27
"78717",6035,4270,1759
"78719",166,115,51
"78721",1337,923,414
"78722",1653,1095,558
"78723",6363,4300,2063
"78724",2344,1616,728
"78725",1160,784,376
"78726",2627,1790,837
"78727",5319,3605,1714
"78728",3257,2183,1074
"78729",4078,2787,1291
"78730",2292,1571,721
"78731",9841,6421,3420
"78732",3789,2633,1156
"78733",2260,1566,694
"78734",5315,3643,1672
"78735",5544,3581,1963
"78736",1951,1310,641
"78737",4690,3322,1368
"78738",6275,4385,1890
"78739",4885,3369,1516
"78741",4467,2997,1470
"78742",73,53,20
"78744",5001,3328,1673
"78745",9523,6478,3045
"78746",9675,6472,3203
"78747",3393,2258,1135
"78748",10166,6841,3325
"78749",7670,5226,2444
"78750",6395,4401,1994
"78751",4010,2528,1482
"78752",2410,1653,757
"78753",5662,3830,1832
"78754",3570,2383,1181
"78756",2136,1429,707
"78757",5262,3563,1699
"78758",6091,4013,2071
"78759",11039,7337,3702
"78801",6318,4037,2281
"78802",328,201,127
"78827",644,444,200
"78828",59,43,16
"78829",188,130,58
"78830",175,136,39
"78832",599,420,179
"78833",443,302,141
"78834",3397,2359,1038
"78836",57,42,15
"78837",46,28,18
"78838",249,155,94
"78839",2690,2094,596
"78840",8764,5274,3490
"78843",0,0,0
"78850",282,185,97
"78851",0,0,0
"78852",6645,5265,1380
"78860",22,18,0
"78861",2471,1679,792
"78870",219,138,81
"78871",6,0,0
"78872",435,310,125
"78873",480,340,140
"78877",53,48,0
"78879",118,81,37
"78880",143,108,35
"78881",618,374,244
"78883",68,46,22
"78884",244,159,85
"78885",42,32,10
"78886",96,68,28
"78931",56,41,15
"78932",214,167,47
"78933",379,242,137
"78934",1964,1228,736
"78935",210,134,76
"78938",54,36,18
"78940",474,356,118
"78941",399,303,96
"78942",1244,912,329
"78943",69,43,26
"78944",113,84,29
"78945",2032,1513,518
"78946",141,107,34
"78947",515,371,144
"78948",125,90,35
"78949",111,78,33
"78950",539,387,152
"78951",11,9,0
"78953",121,84,37
"78954",321,266,50
"78956",1082,772,310
"78957",1186,894,292
"78959",310,198,112
"78962",1326,854,472
"78963",120,97,23
"79001",45,26,19
"79003",47,31,16
"79005",290,208,82
"79007",2379,1560,819
"79009",442,263,179
"79010",162,91,71
"79011",101,65,36
"79012",202,117,85
"79013",452,362,90
"79014",1200,761,439
"79015",5663,3392,2271
"79016",17,12,0
"79018",182,116,66
"79019",554,331,223
"79021",15,11,0
"79022",4441,2642,1799
"79024",90,62,28
"79025",38,23,15
"79027",1144,708,436
"79029",4723,3455,1268
"79031",263,160,103
"79032",37,23,14
"79033",9,0,0
"79034",92,65,27
"79035",1315,846,469
"79036",907,563,344
"79039",205,118,87
"79040",355,229,126
"79041",379,261,118
"79042",167,107,60
"79043",295,199,96
"79044",346,219,127
"79045",2905,1970,935
"79046",105,71,34
"79051",0,0,0
"79052",217,147,70
"79053",39,21,18
"79054",52,34,18
"79056",29,18,11
"79057",200,139,57
"79058",7,0,0
"79059",140,106,34
"79061",81,51,30
"79062",58,37,21
"79063",184,115,69
"79064",671,442,229
"79065",3051,2001,1050
"79068",807,472,335
"79070",1431,898,533
"79072",4000,2674,1326
"79078",69,46,23
"79079",427,282,145
"79080",74,44,30
"79081",853,526,327
"79082",62,40,22
"79083",336,216,120
"79084",726,494,232
"79085",0,0,0
"79086",463,328,135
"79087",147,90,57
"79088",1260,865,395
"79091",31,20,11
"79092",264,155,109
"79093",10,7,0
"79094",21,12,9
"79095",698,447,251
"79096",627,406,221
"79097",266,169,97
"79098",87,55,32
"79101",1209,803,406
"79102",2392,1419,973
"79103",2571,1592,979
"79104",1492,926,566
"79105",184,106,78
"79106",8486,5025,3461
"79107",6093,3845,2248
"79108",2930,1763,1167
"79109",15703,9269,6434
"79110",4703,2823,1880
"79111",171,109,62
"79118",6878,4169,2709
"79119",9071,5302,3769
"79121",3471,2008,1463
"79124",5533,3262,2271
"79201",1742,1137,605
"79220",15,15,0
"79225",258,178,80
"79226",705,451,254
"79227",458,319,139
"79229",71,61,10
"79230",11,7,0
"79231",8,7,0
"79233",30,24,6
"79234",11,8,0
"79235",834,628,206
"79236",31,25,6
"79237",72,50,22
"79239",28,18,10
"79240",15,10,0
"79241",512,356,156
"79243",26,19,7
"79244",155,117,38
"79245",733,527,206
"79247",15,12,0
"79248",293,224,62
"79250",296,222,74
"79251",26,19,7
"79252",1072,709,363
"79255",150,104,46
"79256",44,33,11
"79257",351,239,112
"79258",15,10,0
"79259",22,14,8
"79261",73,54,19
"79311",772,507,265
"79312",207,150,57
"79313",330,222,108
"79314",11,7,0
"79316",2773,1868,905
"79322",782,604,178
"79323",1124,743,381
"79324",9,0,0
"79325",442,259,183
"79326",8,0,0
"79329",964,627,337
"79330",46,31,15
"79331",1611,1071,540
"79336",4527,2986,1538
"79339",1630,1121,509
"79342",92,59,33
"79343",344,261,83
"79344",7,0,0
"79345",164,124,40
"79346",419,281,138
"79347",2722,1515,1207
"79350",171,113,58
"79351",241,175,66
"79353",0,0,0
"79355",307,212,95
"79356",710,576,134
"79357",633,501,132
"79358",329,219,110
"79359",399,276,123
"79360",1464,995,469
"79363",1543,996,547
"79364",1907,1265,642
"79366",604,382,222
"79367",161,103,58
"79369",14,10,0
"79370",368,314,54
"79371",540,297,243
"79372",249,182,67
"79373",796,545,251
"79376",23,14,9
"79377",33,27,6
"79378",42,29,13
"79379",119,81,38
"79380",30,21,9
"79381",350,237,113
"79382",2466,1602,864
"79401",1471,1003,462
"79403",3289,2254,1035
"79404",1766,1199,567
"79406",128,96,32
"79407",7001,4506,2495
"79410",2632,1724,908
"79411",1204,826,378
"79412",2962,2056,906
"79413",6925,4556,2369
"79414",4189,2791,1398
"79415",4294,2833,1461
"79416",11502,7339,4163
"79423",14183,9188,4995
"79424",22426,14250,8176
"79501",571,377,194
"79502",359,255,104
"79503",36,27,9
"79504",637,449,188
"79505",51,38,13
"79506",188,114,74
"79508",262,163,99
"79510",1279,836,443
"79511",220,145,75
"79512",916,631,285
"79517",59,36,23
"79518",16,12,0
"79519",25,14,11
"79520",419,264,155
"79521",930,684,246
"79525",450,280,170
"79526",273,157,116
"79527",73,48,25
"79528",180,127,53
"79529",343,244,99
"79530",77,52,25
"79532",100,73,27
"79533",54,40,14
"79534",15,9,6
"79535",51,29,22
"79536",764,516,248
"79537",42,23,19
"79538",42,26,16
"79539",31,26,0
"79540",20,16,0
"79541",201,122,79
"79543",184,113,71
"79544",101,76,25
"79545",335,190,145
"79546",496,334,162
"79547",121,101,20
"79548",34,25,9
"79549",3731,2316,1415
"79553",518,394,124
"79556",2859,1615,1244
"79560",29,18,11
"79561",51,38,13
"79562",1209,756,453
"79563",163,100,63
"79565",42,30,12
"79566",42,26,16
"79567",628,392,236
"79601",4782,3041,1741
"79602",6391,4053,2338
"79603",4357,2787,1570
"79605",6797,4392,2405
"79606",7916,4962,2954
"79607",68,42,26
"79699",8,0,0
"79701",7064,5073,1991
"79703",3912,2819,1093
"79705",10461,7294,3167
"79706",3982,2917,1065
"79707",9884,6695,3189
"79713",73,53,20
"79714",5686,3748,1938
"79718",157,103,54
"79719",219,131,88
"79720",5074,3086,1988
"79730",110,99,11
"79731",1007,708,299
"79733",16,12,0
"79734",838,656,182
"79735",4229,3380,849
"79738",65,50,15
"79739",459,264,195
"79741",58,46,12
"79742",70,56,14
"79743",57,48,9
"79744",194,129,65
"79745",1528,1088,440
"79748",11,10,0
"79749",73,52,21
"79752",580,450,130
"79754",14,10,0
"79755",71,61,10
"79756",2226,1794,432
"79758",500,368,132
"79759",16,8,0
"79761",6344,4567,1777
"79762",8277,5882,2395
"79763",6229,4682,1547
"79764",3819,2944,875
"79765",5189,3571,1618
"79766",1333,1071,262
"79770",13,8,0
"79772",5356,3094,2262
"79777",22,16,6
"79778",311,244,67
"79780",59,39,20
"79781",48,31,17
"79782",1132,836,296
"79783",34,24,10
"79785",11,7,0
"79788",83,66,17
"79789",168,114,54
"79821",860,577,283
"79830",2197,1466,726
"79831",418,283,135
"79834",56,40,16
"79835",2266,1517,749
"79836",1155,744,411
"79837",47,42,0
"79838",1368,887,481
"79839",493,339,154
"79842",158,105,53
"79843",1065,857,208
"79845",1757,1192,565
"79846",24,14,10
"79847",23,13,10
"79848",389,222,167
"79849",1898,1226,672
"79851",100,71,29
"79852",210,153,57
"79853",458,287,171
"79854",35,25,10
"79855",499,330,169
"79901",2043,1269,743
"79902",6505,4070,2435
"79903",4794,3022,1772
"79904",4968,3217,1751
"79905",5444,3478,1966
"79906",86,58,28
"79907",12425,8111,4314
"79908",49,33,15
"79911",2967,1816,1151
"79912",29244,18344,10900
"79915",8649,5565,3079
"79916",7,0,0
"79920",0,0,0
"79922",3716,2327,1389
"79924",10022,6598,3419
"79925",11474,7251,4220
"79927",8387,5546,2841
"79928",13486,8532,4954
"79930",5481,3545,1936
"79932",8549,5467,3082
"79934",4191,2639,1552
"79935",5289,3326,1963
"79936",28026,17867,10159
"79938",15866,9995,5871
"79942",16,10,6
